row_id,model,cognitive_state,target_concept,context_C,student_utterance_U,tutor_response_R,our_perception,our_orchestration,our_elicitation,our_total,YOUR_PERCEPTION,YOUR_ORCHESTRATION,YOUR_ELICITATION,YOUR_TOTAL,notes
1,gpt-4o,accurate,matrix transformation and redundancy,"Study Question: Imagine k = 3 . If we were to take the matrix U and multiply the first column by 2, the second column by 3 and the third column by 4, to make a new matrix U' , what would we have to do to V to get a V' so that U'V'^T = UV^T ? How does this question relate to the comments above about redundancy?","If we multiply the first column of U by 2, the second by 3, and the third by 4, we need to divide the corresponding rows of V by 2, 3, and 4 respectively to keep U'V'^{T} equal to UV^{T}. This shows how changes in U can be compensated by changes in V, preventing redundancy in the transformation.",What effect does multiplying a column of matrix U by a constant have on the corresponding elements in the product UV^T?,0,0,0,0,,,,,
2,gpt-4o,accurate,gradient of the loss with respect to the pre-activation in the first layer,"If we repeatedly apply the chain rule, we get this expression for the gradient of the loss with respect to the pre-activation in the first layer:

{l o s s} Z ^ {1} = { { {l o s s} A ^ {L} · A ^ {L} Z ^ {L} · Z ^ {L} A ^ {L - 1} · A ^ {L - 1} Z ^ {L - 1} ·s · A ^ {2} Z ^ {2} · Z ^ {2} A ^ {1} · A ^ {1} Z ^ {1}} _ {l o s s / Z ^ 2}, 8.2","So, to find the gradient of the loss with respect to the pre-activation in the first layer, we need to apply the chain rule starting from the last layer and work our way back to the first, right?",What role does each term in the chain rule expression play as you move from the last layer to the first layer?,1,1,2,4,,,,,
3,gpt-4o,erroneous,gradient computation using the chain rule,"(4) Do backward pass to compute the gradients. For both W^sx and W^sx we need to find

{d L _ {s e q}} {d W} = sum_ u = 1 ^ n {d L _ u} {d W} 12.1

Letting L_u = L_elt(p_u,y_u) and using the total derivative, which is a sum over all the ways in which W affects L_u, we have

= sum_ u = 1 ^ n sum_ t = 1 ^ n L _ {u} s _ {t} · s _ {t} W 12.2

Re-organizing, we have

= sum_ t = 1 ^ n s _ {t} W · sum_ u = 1 ^ n L _ {u} s _ {t} 12.3","I think we can find the gradient of the loss with respect to W by just taking the derivative of the loss function directly with respect to W, without worrying about the sequence elements.",How does the chain rule apply when W affects the loss through intermediate variables like s_t in a sequence?,3,3,2,8,,,,,
4,gpt-4o,erroneous,weight decay in neural networks,"Another common strategy is to simply penalize the norm of all the weights, as we did in ridge regression. This method is known as weight decay, because when we take the gradient of the objective

J(W)=sum_i=1^nLoss(NN(x^(i)),y^(i);W)+lambda|W|^2

we end up with an update of the form

W_t =W_t-1-((_WLoss(NN(x^(i)),y^(i);W_t-1))+lambda W_t-1)
=W_t-1(1-lambda)-(_WLoss(NN(x^(i)),y^(i);W_t-1)).

This rule has the form of first “decaying” W_t-1 by a factor of (1-lambda) and then taking a gradient step.","Weight decay just means we penalize the weights by reducing them, so there's no need for a gradient step in the update process.",How does the gradient step contribute to the update process when combined with the weight decay term?,2,2,2,6,,,,,
5,gpt-4o,comprehension,forward pass in a neural network,"For simplicity assume k is odd, let the input image X = A^0 , and assume we are using squared loss. Then we can describe the forward pass as follows:

Z _ i ^ 1 = W ^ 1 ^ T · A _ [ i - k / 2 : i + k / 2 ] ^ 0 A ^ 1 = R e L U (Z ^ 1) A ^ 2 = W ^ 2 ^ T A ^ 1 L ( A ^ 2, y) = ( A ^ 2 - y) ^ 2","Ah, I see — the forward pass involves calculating the intermediate values using weights and applying the ReLU activation before computing the final output with squared loss.",How does the ReLU activation function affect the values in the forward pass?,1,1,2,4,,,,,
6,gpt-4o,comprehension,linear separability,"Consider the data set:

X = [[1], [2], [3], [4]] Y = [[+1], [+1], [-1], [-1]]

It is linearly separable in d = 1 with theta = [-1] and theta_0 = 2.5. But it is not linearly separable through the origin! Now, let

X_new = [ [1] & [2] [1] & [3] [1] & [4] ]

This new dataset is separable through the origin, with theta_new = [-1, 2.5]^T.","Ah, I see — the original dataset isn't linearly separable through the origin because the decision boundary doesn't pass through zero, but when we extend X with an extra dimension, it becomes separable through the origin with the new theta.",How does adding an extra dimension to the original dataset affect the position of the data points relative to the decision boundary?,2,2,2,6,,,,,
7,gpt-4o,confusion,sequence-to-sequence training with special tokens,"A language model is just trained on a set of input sequences, (c_1^(i), c_2^(i), ..., c_n^(i)), and is used to predict the next character, given a sequence of previous tokens:

A ""token"" is generally a character or a word.

c _ t = R N N (c _ 1, c _ 2, , c _ t - 1)

We can convert this to a sequence-to-sequence training problem by constructing a data set of (x, y) sequence pairs, where we make up new special tokens, start and end, to signal the beginning and end of the sequence:

x = ( s t a r t , c _ 1, c _ 2, · c _ n)

y = (c _ 1, c _ 2, , e n d )",I'm confused about how the RNN is able to predict the next character when special tokens are included. Does it treat these tokens differently from the other characters?,"How do you think the inclusion of the special tokens, such as ""start"" and ""end"", helps the RNN understand where the sequence begins and ends?",2,1,1,4,,,,,
8,gpt-4o,confusion,triplet loss,"Triplet loss (Schroff et al 2015): L_triplet(x, x^+, x^-) = sum_x X (0, |f(x) - f(x^+)|_2^2_margin - |f(x) - f(x^-)|_2^2_margin + epsilon)","I'm confused about the role of 'margin' in the equation. Why is it mentioned twice, and how does it relate to the epsilon?",How does comparing the distance between the anchor and positive example to the distance between the anchor and negative example help in understanding what the margin represents in this context?,2,1,1,4,,,,,
9,claude-sonnet-4-6,accurate,Perceptron algorithm update rule,"Recall that we have a training dataset D_n with x R^d , and y -1, + 1 . The Perceptron algorithm trains a binary classifier (x;theta ,theta_0) using the following algorithm to find theta and theta_0 using tau iterative steps:

We use Greek letter tau here instead of T so we don't confuse it with transpose!

PERCEPTRON(τ, Dn)

1 theta = [ 0 &amp; 0 &amp; &amp; 0 ]^T
2 theta_0 = 0
3 for t = 1 to tau
4 for i = 1 to n
5 if y^(i)(theta^Tx^(i) + theta_0)<=slant 0
6 theta = theta +y^(i)x^(i)
7 theta_0 = theta_0 + y^(i)
8 return theta ,theta_0","I understand that the Perceptron algorithm updates the weights and bias only when there's a misclassification, meaning when y(i)(θᵀx(i) + θ₀) is less than or equal to zero. So, it doesn't update on every loop iteration, right?","Given that the condition on line 5 triggers updates when the value is ""less than or equal to zero,"" what do you think happens specifically when the value equals exactly zero — is that a correct classification or an incorrect one?",3,3,3,9,,,,,
10,claude-sonnet-4-6,accurate,perceptron algorithm through the origin,"We can make a simplified version of the perceptron algorithm if we restrict ourselves to separators through the origin:

PERCEPTRON-THROUGH-ORIGIN (tau, D_n)

1. theta = [ 0 & 0 & & 0 ]^T
2. for t = 1 to tau
3. for i = 1 to n
4. if y^(i)(theta^Tx^(i)) <=slant 0
5. theta = theta + y^(i)x^(i)
6. return theta

We list it here because this is the version of the algorithm we'll study in more detail.","I see that the perceptron through the origin only updates the weight vector when the product of the label and the dot product is non-positive. So, it only changes when there's a misclassification, right?","What does it mean for the product y^(i)(θ^T x^(i)) to equal exactly zero — is that a misclassification, a correct classification, or something else?",3,3,3,9,,,,,
11,gemini-2.0-flash,accurate,representation of sparse data in tuples,"Y is very sparse (most entries are empty). So, we will think of our training data-set as a set of tuples (a,i,r), where a is the index assigned to a particular user, i is the index assigned to a particular movie, and r is user a's rating of movie i. We will use D = (a,i):Y_ai is non-empty as the set of indices for which we have a rating.","So, if I understand correctly, our dataset only includes tuples for the user-movie pairs where a rating is actually given, and we ignore all the pairs without ratings?","Given that D represents the set of all user-movie pairs with known ratings, how does focusing on D help us manage the sparsity of Y?",3,3,3,9,,,,,
12,gemini-2.0-flash,accurate,random linear classifier selection,"RANDOM-LINEAR-CLASSIFIER(D_n, k, d)

1. for j = 1 to k
2. randomly sample (theta^(j),theta_0^(j)) from (R^d,R)
3. j^* = _j 1, ,k_n(theta^(j),theta_0^(j))
4. return (theta^(j^*),theta_0^(j^*))","So, the algorithm tries out several random classifiers and picks the one that performs best on our data, right?","That's a good summary. Given that the algorithm iterates through each classifier j from 1 to k, what is being computed in step 3, j^* = _j 1, ,k_n(theta^(j),theta_0^(j))?",3,3,3,9,,,,,
13,claude-sonnet-4-6,erroneous,cross-entropy for softmax classifier,"Cross-entropy for softmax ""classifier""

_ f E _ ( {x, x ^ +) ^ ·} p _ p o s, {x _ i ^ - } _ i = 1 ^ N p _ d a t a [ - e ^ {f ( {x) ^ · f ( x ^ +) / }}e ^ {f ( {x) ^ · f ( x ^ +) / } + {Ni = 1} e ^ f ( {x) ^ · f ( x _ i ^ -) / }} ] pull positive pair together push negative pairs apart","It seems like the formula is telling us to divide by some constant '/~', which I thought was a standard operation to normalize the scores. Is that correct?","Looking at the formula, what do you notice about where the '/~' symbol appears — does it show up only in the denominator as a normalizer, or does it appear in both the numerator and the denominator, and what might that suggest about its role?",3,3,2,8,,,,,
14,claude-sonnet-4-6,erroneous,temporal difference learning,"Note that the update can be rewritten as

Q [ s, a ] = Q [ s, a ] - alpha (Q [ s, a ] - (r + gamma _ a ^ {} Q [ s ^ , a ^ ])),

which looks something like a gradient update! This is often called temporal difference learning method, because we make an update based on the difference between the current estimated value of taking action a in state s, which is Q[s, a], and the ""one-step"" sampled value of taking a in s, which is r + γ max_a · Q[s', a'].","So, temporal difference learning is just like gradient descent since it updates the Q-values using a similar formula, right?","What specifically is being subtracted from Q[s, a] in this update formula, and how does that difference relate to what ""temporal"" means in ""temporal difference learning""?",3,3,2,8,,,,,
15,gemini-2.0-flash,erroneous,quality measurement of reinforcement-learning algorithms,"A *reinforcement-learning* (rl) *algorithm* is a kind of a policy that depends on the whole history of states, actions, and rewards and selects the next action to take. There are several different ways to measure the quality of an rl algorithm, including:

- Ignoring the r_t values that it gets *while* learning, but consider how many interactions with the environment are required for it to learn a policy  pi: mathcalS rightarrow mathcalA that is nearly optimal.
- Maximizing the expected discounted sum of total rewards while it is learning.","I think the main way to measure a reinforcement-learning algorithm's quality is by how fast it can learn a nearly optimal policy, and the rewards it gets during learning don't really matter.",The context describes two ways to measure the quality of an RL algorithm. Does your statement align with both of those ways?,3,3,2,8,,,,,
16,gemini-2.0-flash,erroneous,stochastic gradient descent for matrix factorization,"Finally, we can approach this problem using stochastic gradient descent. It's easier to think about if we reorganize the objective function to be J (U, V) = 12 sum_ (a, i) D ((U ^ (a) · V ^ (i) + b _ U ^ (a) + b _ V ^ (i) - Y _ a i) ^ 2 + lambda_ U ^ (a) | U ^ (a) | ^ 2 + lambda_ V ^ (i) | V ^ (i) | ^ 2)","So, using stochastic gradient descent, we're just trying to minimize the prediction error in J(U, V), right? The regularization terms don't really affect the process.","How does the presence of the regularization terms, lambda_ U ^ (a) | U ^ (a) | ^ 2 + lambda_ V ^ (i) | V ^ (i) | ^ 2, influence the overall value of J(U, V) that we are trying to minimize?",3,3,2,8,,,,,
17,claude-sonnet-4-6,comprehension,distance metric properties,"Input values x can be from any domain X (R^d, documents, tree-structured objects, etc.). We just need a distance metric, d: X x X R^+, which satisfies the following, for all x, x', x'' X:

d(x, x) = 0 d(x, x') = d(x', x) d(x, x'') <=slant d(x, x') + d(x', x'')","Ah, I see — the distance metric properties mean that the distance between any point and itself is always zero, and the distance from one point to another is the same in reverse.",What does the third property tell you about the relationship between the direct distance from one point to another and the distance traveled through an intermediate point?,3,3,3,9,,,,,
18,claude-sonnet-4-6,comprehension,Batch normalization with learnable parameters,"However, if we let these be our ^1 values, we really are forcing something too strong on our data—our goal was to normalize across the data batch, but not necessarily force the output values to have exactly mean 0 and standard deviation 1. So, we will give the layer the ""opportunity"" to shift and scale the outputs by adding new weights to the layer. These weights are G^1 and B^1, each of which is an n^1 x 1 vector. Using the weights, we define the final output to be _ij^1 = G_i^1 _ij^1 + B_i^1.","Ah, I see — the batch normalization layer uses weights G^1 and B^1 to adjust the outputs so they aren't strictly mean 0 and standard deviation 1, but instead allow for some flexibility in scaling and shifting.","Given that G^1 and B^1 are learned weights, what do you think would happen to the outputs if G^1 were set to 1 and B^1 were set to 0 for every element?",3,3,3,9,,,,,
19,gemini-2.0-flash,comprehension,exploration vs. exploitation trade-off,"Imagine that you have tried each action 10 times, and now you have an estimate p_hat_1 for the expected value of R(a_1). Which arm should you pick next? You could

exploit your knowledge, and choose the arm with the highest value of p_hat_1 on all future trials; or

explore further, by trying some or all actions more times, hoping to get better estimates of the p_1 values.","Ah, I see — the exploration vs. exploitation trade-off is about deciding whether to keep picking the arm with the highest estimated value or to try other arms to improve our estimates.","Given that we want to maximize our rewards in the long run, what might be a downside to *only* exploiting the arm with the highest estimated value?",3,3,3,9,,,,,
20,gemini-2.0-flash,comprehension,backward propagation of gradients in sequences,"Let's take a careful look at the backward propagation of the gradient along the sequence:

delta^ s _ {t - 1} = s _ {t} s _ {t - 1} · [ {L o s s _ {e l t} (p _ t , y _ t)} s _ {t} + delta^ s _ {t} ].

Consider a case where only the output at the end of the sequence is incorrect, but it depends critically, via the weights, on the input at time 1. In this case, we will multiply the loss at step n by

s _ {2} s _ {1} · s _ {3} s _ {2} s _ {n} s _ {n - 1}.","Ah, I see — the backward propagation of gradients involves multiplying the loss at the final step by all the partial derivatives of each step's state with respect to the previous step's state. This way, we can trace how the error at the end affects the earlier states.","Given that we're multiplying all those partial derivatives together, what might happen if some of those values are either very large or very small?",3,3,3,9,,,,,
21,claude-sonnet-4-6,confusion,recurrent neural networks as non-linear LTI systems,"We will study recurrent neural networks which are a lot like a non-linear version of an LTI system, with transition and output functions

f(s, x) = f_1(W^sxx + W^xss + W_0^xs)

g(s) = f_2(W^0s + W_0^0)

defined by weight matrices

W^sx : m x

W^xs : m x m

W_0^xs : m x 1

W^0 : n x m

W_0^0 : n x 1

and activation functions f_1 and f_2. We will see that it's actually possible to learn weight values for a recurrent neural network using gradient descent.",I'm confused about how exactly the weight matrices like W^{sx} and W^{xs} interact with the activation functions f_1 and f_2. How do these components work together in the context of a recurrent neural network?,"Looking at the transition function f(s, x) = f_1(W^{sx}x + W^{xs}s + W_0^{xs}), what do you notice about what gets passed as the *input* to the activation function f_1, and how does that input combine information from both the current input x and the previous state s?",3,3,2,8,,,,,
22,claude-sonnet-4-6,confusion,chain rule in backpropagation,{L} {x _ 1} = {L} {x _ 2} {x _ 2} {x _ 1} = {L} {x _ 2} ( {x _ 1)} {x _ 1} = {L} {x _ 2} (1 - ^ 2 ( x _ 1)),I'm confused about why we multiply by (1 - tanh^2(x1)) when applying the chain rule. How does that relate to the derivative of tanh(x1)?,"What does the chain rule tell us we need to find when computing ∂x₂/∂x₁, and what is x₂ defined as in terms of x₁ in this expression?",3,3,2,8,,,,,
23,gemini-2.0-flash,confusion,regularization and overfitting,"This trade-off is illustrated in the figure below. Hypothesis h_1 has 0 training loss, but is very complicated. Hypothesis h_2 mis-classifies two points, but is very simple. In absence of other beliefs about the solution, it is often better to prefer that the solution be ""simpler,"" and so we might prefer h_2 over h_1 , expecting it to perform better on future examples drawn from this same distribution. Another nice way of thinking about regularization is that we would like to prevent our hypothesis from being too dependent on the particular training data that we were given: we would like for it to be the case that if the training data were changed slightly, the hypothesis would not change by much. To establish some vocabulary, we say that h_1 is overfit to the training data.",I'm confused about why we think h2 will perform better on future examples even though it misclassifies some points. Doesn't zero training loss mean h1 is better?,"Given that h_1 is very sensitive to the training data, as the text describes, what might happen if future data differs even slightly from the training data?",3,3,2,8,,,,,
24,gemini-2.0-flash,confusion,weight decay in neural networks,"Another common strategy is to simply penalize the norm of all the weights, as we did in ridge regression. This method is known as weight decay, because when we take the gradient of the objective

J(W)=sum_i=1^nLoss(NN(x^(i)),y^(i);W)+lambda|W|^2

we end up with an update of the form

W_t =W_t-1-((_WLoss(NN(x^(i)),y^(i);W_t-1))+lambda W_t-1)
=W_t-1(1-lambda)-(_WLoss(NN(x^(i)),y^(i);W_t-1)).

This rule has the form of first “decaying” W_t-1 by a factor of (1-lambda) and then taking a gradient step.",I'm confused about why we need to decay the weights by (1-λη) before taking the gradient step. What's the purpose of that?,"How does the equation W_t =W_t-1(1-lambda)-(_WLoss(NN(x^(i)),y^(i);W_t-1)) relate to the gradient of the objective function J(W)=sum_i=1^nLoss(NN(x^(i)),y^(i);W)+lambda|W|^2?",1,0,1,2,,,,,
